	Surname	ConfidenceSurname
0	HIMELIN	[0.2594008, 1.0, 1.0, 1.0, 1.0, 1.0, 1.0]
1	NOBIN	[0.9659215, 1.0, 1.0, 1.0, 1.0]
2	YOANN	[0.9996357, 1.0, 1.0, 1.0, 1.0]
3	MDRTIU	[1.0, 0.024085356, 1.0, 1.0, 0.99857044, 0.07463504]
4	UULEMENTIT	[0.07463504, 0.07463504, 1.0, 1.0, 1.0, 1.0, 1.0, 1.0, 0.8121047, 1.0]
5	URISCILLE	[0.07463504, 1.0, 1.0, 1.0, 1.0, 1.0, 1.0, 1.0, 1.0]
